Feature,Importance
diabetes,0.17239867
age,0.15938586
bun,0.15365693
systolic_bp,0.064342275
glucose,0.04284321
sex,0.036437884
uric_acid,0.03423911
albumin,0.030688623
total_protein,0.024385592
bmi,0.021811672
ast,0.020122798
ggt,0.018934222
diastolic_bp,0.018509626
potassium,0.017929137
weight,0.01784045
alp,0.017720623
total_cholesterol,0.017718593
waist,0.017416218
phosphorus,0.017121531
triglycerides,0.01689499
sodium,0.016653422
alt,0.016286766
chloride,0.016137747
calcium,0.01580105
bilirubin,0.014722992
