Feature,Mean_Absolute_SHAP
age,0.45822552
bun,0.3463135
systolic_bp,0.25958976
uric_acid,0.20602883
diabetes,0.17482422
ast,0.16007677
sex,0.13913392
glucose,0.1322418
albumin,0.12969771
total_protein,0.11827243
bmi,0.085829265
total_cholesterol,0.07487682
alt,0.07373172
triglycerides,0.07176085
weight,0.061172973
alp,0.051982783
ggt,0.050977666
waist,0.05023956
potassium,0.049410883
phosphorus,0.044352636
diastolic_bp,0.04137473
calcium,0.034459133
chloride,0.032364745
bilirubin,0.020362683
sodium,0.019390726
