Pearson,Mutual_Information,RFE,LASSO,Random_Forest
numeric__bun,numeric__age,numeric__age,numeric__bun,numeric__age
numeric__age,numeric__bun,numeric__sex,numeric__age,numeric__bun
numeric__systolic_bp,numeric__systolic_bp,numeric__bmi,numeric__systolic_bp,numeric__systolic_bp
numeric__glucose,numeric__diabetes,numeric__waist,numeric__albumin,numeric__glucose
numeric__uric_acid,numeric__glucose,numeric__systolic_bp,numeric__uric_acid,numeric__uric_acid
numeric__diabetes,numeric__uric_acid,numeric__glucose,numeric__glucose,numeric__bmi
numeric__albumin,numeric__potassium,numeric__bun,numeric__ast,numeric__waist
numeric__potassium,numeric__waist,numeric__total_cholesterol,numeric__total_protein,numeric__weight
numeric__waist,numeric__albumin,numeric__uric_acid,numeric__sex,numeric__triglycerides
numeric__alp,numeric__diastolic_bp,numeric__albumin,numeric__total_cholesterol,numeric__total_cholesterol
numeric__chloride,numeric__chloride,numeric__total_protein,numeric__waist,numeric__diabetes
numeric__bmi,numeric__total_cholesterol,numeric__calcium,numeric__alt,numeric__diastolic_bp
numeric__triglycerides,numeric__alp,numeric__ast,numeric__diabetes,numeric__alp
numeric__ggt,numeric__sex,numeric__alt,numeric__calcium,numeric__potassium
numeric__diastolic_bp,numeric__triglycerides,numeric__diabetes,numeric__bmi,numeric__ggt
