Model,Metric,Mean,Std,Mean_Percent,Std_Percent
XGBoost_Core_7,Accuracy,0.8622431713802272,0.002630857275052565,86.22431713802273,0.2630857275052565
XGBoost_Core_7,Precision,0.7080582115427129,0.01820099877697044,70.80582115427129,1.8200998776970438
XGBoost_Core_7,Recall,0.3290767238251044,0.010895245097362009,32.90767238251044,1.089524509736201
XGBoost_Core_7,Specificity,0.9720282151840449,0.00230793490932943,97.20282151840449,0.23079349093294302
XGBoost_Core_7,F1,0.4492167925264389,0.0119850910046958,44.92167925264389,1.19850910046958
XGBoost_Core_7,ROC_AUC,0.8145809776924909,0.006666441888367716,81.4580977692491,0.6666441888367716
XGBoost_Extended_10,Accuracy,0.8631810490693739,0.0026156556203011353,86.31810490693739,0.26156556203011355
XGBoost_Extended_10,Precision,0.7133309646421861,0.018381840523188274,71.33309646421861,1.8381840523188273
XGBoost_Extended_10,Recall,0.33255897784433897,0.011360551925503323,33.2558977844339,1.1360551925503324
XGBoost_Extended_10,Specificity,0.9724421583586911,0.0023972132066134686,97.24421583586911,0.23972132066134685
XGBoost_Extended_10,F1,0.45350511280369965,0.012185156255338699,45.350511280369965,1.2185156255338698
XGBoost_Extended_10,ROC_AUC,0.8191485204858125,0.007087149821653383,81.91485204858125,0.7087149821653383
XGBoost_All_25,Accuracy,0.8652936910804931,0.002826060968983249,86.52936910804931,0.2826060968983249
XGBoost_All_25,Precision,0.7218267914507089,0.02004638512025512,72.18267914507089,2.004638512025512
XGBoost_All_25,Recall,0.3438556584046561,0.012101591573937495,34.38556584046561,1.2101591573937496
XGBoost_All_25,Specificity,0.9726636885133536,0.0026545157959889805,97.26636885133536,0.26545157959889804
XGBoost_All_25,F1,0.4656616298648793,0.012772057994104781,46.56616298648793,1.2772057994104782
XGBoost_All_25,ROC_AUC,0.8287725276329497,0.005611083478568911,82.87725276329498,0.5611083478568911
Voting_All_25,Accuracy,0.8507420836354846,0.003320821221418625,85.07420836354846,0.3320821221418625
Voting_All_25,Precision,0.5705688570486833,0.01182971875162579,57.056885704868336,1.182971875162579
Voting_All_25,Recall,0.5098797487514761,0.01445750244628681,50.987974875147614,1.445750244628681
Voting_All_25,Specificity,0.9209292674357121,0.003942035416052888,92.09292674357121,0.3942035416052888
Voting_All_25,F1,0.538396430302547,0.01057938018792259,53.839643030254706,1.057938018792259
Voting_All_25,ROC_AUC,0.824683304219417,0.0053729468708672325,82.4683304219417,0.5372946870867232
Stacking_All_25,Accuracy,0.7922310853275321,0.0037430877884211677,79.2231085327532,0.3743087788421168
Stacking_All_25,Precision,0.43178398566665344,0.006320485327680825,43.178398566665344,0.6320485327680825
Stacking_All_25,Recall,0.6855893373751226,0.01318925874996723,68.55893373751226,1.318925874996723
Stacking_All_25,Specificity,0.8141899213558692,0.004757529416793077,81.41899213558692,0.47575294167930776
Stacking_All_25,F1,0.5298170558176792,0.00723247419095989,52.981705581767926,0.723247419095989
Stacking_All_25,ROC_AUC,0.8268108852205555,0.005319848643290472,82.68108852205555,0.5319848643290472
