Feature_Set,Model,CV_Accuracy,CV_Precision,CV_Recall,CV_Specificity,CV_F1,CV_ROC_AUC,Test_Accuracy,Test_Precision,Test_Recall,Test_Specificity,Test_F1,Test_ROC_AUC
All_25,XGBoost,0.8647328982354363,0.7166469893742621,0.3437146092865232,0.9720165568705182,0.46460007654037505,0.8292185478749347,0.8638692835734313,0.7130952380952381,0.3391845979614949,0.9719015972950915,0.45970836531082115,0.8240178802615596
All_25,Stacking,0.7928450568044476,0.4325993555316864,0.6841732729331823,0.815221827085641,0.5300504496600131,0.8264535331011635,0.7900029005124238,0.4275,0.6778029445073612,0.8131048152034511,0.5243101182654402,0.8203348363390146
All_25,Gradient_Boosting,0.8642978003384095,0.7304513668150032,0.3253114382785957,0.9752812919022912,0.45014691478942215,0.8242739186506044,0.8628057623513488,0.7250324254215305,0.31653454133635334,0.975282732890288,0.4406779661016949,0.8199011195761639
All_25,Voting,0.8502296350012086,0.5687797147385103,0.5080690826727067,0.9206844283798752,0.5367130252729176,0.8242986052877378,0.8471429952624964,0.5579211020663745,0.5045300113250283,0.9176868368893553,0.5298840321141838,0.8187032241802361
Extended_10,XGBoost,0.8628958182257674,0.7076372315035799,0.3357870894677237,0.9714335684719874,0.4554531490015361,0.8195005195727296,0.8620322923716524,0.7059538274605103,0.3289920724801812,0.9717850064124985,0.4488219389725763,0.8131608989830449
Extended_10,Gradient_Boosting,0.8628474740149867,0.7189666036546944,0.3230464326160815,0.9739987174255232,0.44579019339714787,0.8172389698330904,0.8611621386444939,0.710997442455243,0.31483578708946774,0.9736504605339863,0.4364207221350079,0.8119307859479862
All_25,Random_Forest,0.8490693739424704,0.5679257786613652,0.485277463193658,0.9239783128315746,0.5233587786259541,0.8190205506876721,0.8471429952624964,0.561707805203469,0.47678369195922987,0.9233997901364114,0.5157733537519142,0.8116385825242282
Extended_10,Stacking,0.7916606236403191,0.42955513273534474,0.671149490373726,0.8164752521424824,0.5238384619634274,0.8164644304615994,0.7908730542395823,0.42704887908857037,0.6579841449603624,0.8182348140375423,0.5179407176287052,0.8082847130867391
Core_7,XGBoost,0.8623882040125695,0.7088029241547366,0.3294167610419026,0.9721331545502244,0.44979221030250316,0.8148608574887831,0.8615488736343421,0.7119289340101523,0.31766704416761044,0.9735338696513932,0.43931088488645265,0.8077867260950069
Core_7,Gradient_Boosting,0.8623882040125695,0.7168617526099336,0.3207814269535674,0.9739112691657436,0.4432273838630807,0.812580905733549,0.8623223436140385,0.7255936675461742,0.3114382785956965,0.9757490964206599,0.4358161648177496,0.8071792783539322
Extended_10,Voting,0.8481266618322456,0.5620333598093725,0.5008493771234428,0.9196350492625197,0.5296803652968036,0.814127558109187,0.8457894227980276,0.5538074260541221,0.4983012457531144,0.9173370642415763,0.5245901639344263,0.8059950160368581
All_25,SVM,0.7535170413343002,0.38165747525874444,0.7151755379388448,0.7614119979012418,0.4977094724397813,0.8069613523092646,0.7570337426278643,0.38602380225816296,0.7163080407701019,0.7654191442229218,0.5016855046599247,0.8053266980841465
All_25,Logistic_Regression,0.7519458544839256,0.3798467087466186,0.7156002265005662,0.7594298373462368,0.4962693893579423,0.8068438509315171,0.7554868026684715,0.3842185128983308,0.7168742921857305,0.7634370992188411,0.5002963841138115,0.8050473024923381
Core_7,Stacking,0.7924341310128112,0.43047566876654797,0.6674688561721405,0.8181659184982218,0.5233945717933063,0.8108022980042583,0.7928067291888233,0.43021103295075896,0.6579841449603624,0.8205666316894019,0.5202596821132751,0.803194854262057
Core_7,Voting,0.8464829586656998,0.5558339859044635,0.5024065685164213,0.9173322450883228,0.5277715815302253,0.8083863706423681,0.8434690128589384,0.5466666666666666,0.48754246885617214,0.9167541098286114,0.5154145465429512,0.8000694791873391
Extended_10,SVM,0.7434856175972927,0.36973123806726393,0.7127689694224235,0.7498105287704775,0.4868968184895078,0.7984703045483856,0.7465918979019627,0.3743755509844255,0.7214043035107588,0.751778010959543,0.4929386728574192,0.7959041609741133
Extended_10,Logistic_Regression,0.7428087986463621,0.36897259270115784,0.7127689694224235,0.7489943450125343,0.48623853211009177,0.7981779479158297,0.7447549067001837,0.3718475073313783,0.7180067950169875,0.7502623294858342,0.4899536321483771,0.7954733160704884
Extended_10,Random_Forest,0.8424462170655064,0.5424440298507462,0.4939127972819932,0.9142132571561826,0.5170420865441613,0.8074816843102638,0.8382480904959876,0.529153605015674,0.47791619479048697,0.9124402471726711,0.5022314787265695,0.7947018092449044
Core_7,SVM,0.7380710659898477,0.3650157457772688,0.7219705549263873,0.7413863464117064,0.48488305761551626,0.7947355784482856,0.7363434206709852,0.36384244828563334,0.7270668176670442,0.7382534685787572,0.484985835694051,0.7927513216824315
Core_7,Logistic_Regression,0.7377326565143824,0.3642426850258176,0.7189977349943375,0.7415903923511922,0.48353008377760853,0.7943891113480772,0.7385671468626124,0.36645785876993164,0.7287655719139298,0.7405852862306168,0.4876847290640394,0.7923600226104449
Core_7,Random_Forest,0.8378776891467247,0.5263080324244658,0.5055209513023783,0.9063137643560893,0.5157051050617373,0.7975919905184826,0.8331238518804989,0.5120048019207684,0.4830124575311438,0.9052116124519063,0.4970862470862471,0.7832090247416944
